Tipo,Codigo,Titulo,OrigemPasta,OrigemArquivo,DestinoPasta,DestinoArquivo
PRODUTO,DS001,Relogio Sanda 3363 esportivo masculino,7D43BBDB-7B71-4EAA-BE25-98D9D56B8FFF,1-Foto-1.jpg,C:\Users\User\duda\Fotos_Organizadas\Fotos_Renomadas\DS001_relogio_sanda_3363_esportivo_masculino,C:\Users\User\duda\Fotos_Organizadas\Fotos_Renomadas\DS001_relogio_sanda_3363_esportivo_masculino\DS001_relogio_sanda_3363_esportivo_masculino_01.jpg
PRODUTO,DS001,Relogio Sanda 3363 esportivo masculino,EECB5AFE-5DB4-4B48-B720-CA242C2A22B9,1-Foto-1.jpg,C:\Users\User\duda\Fotos_Organizadas\Fotos_Renomadas\DS001_relogio_sanda_3363_esportivo_masculino,C:\Users\User\duda\Fotos_Organizadas\Fotos_Renomadas\DS001_relogio_sanda_3363_esportivo_masculino\DS001_relogio_sanda_3363_esportivo_masculino_02.jpg
PRODUTO,DS005,Carrinho plasma car rosa,57BA317F-087C-46D2-91F0-F9A4F8082B75,1-Foto-1.jpg,C:\Users\User\duda\Fotos_Organizadas\Fotos_Renomadas\DS005_carrinho_plasma_car_rosa,C:\Users\User\duda\Fotos_Organizadas\Fotos_Renomadas\DS005_carrinho_plasma_car_rosa\DS005_carrinho_plasma_car_rosa_01.jpg
PRODUTO,DS005,Carrinho plasma car rosa,DC1E8C36-D1B6-49CD-826E-039AB675A881,1-Foto-1.jpg,C:\Users\User\duda\Fotos_Organizadas\Fotos_Renomadas\DS005_carrinho_plasma_car_rosa,C:\Users\User\duda\Fotos_Organizadas\Fotos_Renomadas\DS005_carrinho_plasma_car_rosa\DS005_carrinho_plasma_car_rosa_02.jpg
PRODUTO,DS005,Carrinho plasma car rosa,DC1E8C36-D1B6-49CD-826E-039AB675A881,2-Foto-2.jpg,C:\Users\User\duda\Fotos_Organizadas\Fotos_Renomadas\DS005_carrinho_plasma_car_rosa,C:\Users\User\duda\Fotos_Organizadas\Fotos_Renomadas\DS005_carrinho_plasma_car_rosa\DS005_carrinho_plasma_car_rosa_03.jpg
PRODUTO,DS006,Cars Mack com carreta,F3E59E0B-DF94-48A0-B3A5-02767160BB99,1-Foto-1.jpg,C:\Users\User\duda\Fotos_Organizadas\Fotos_Renomadas\DS006_cars_mack_com_carreta,C:\Users\User\duda\Fotos_Organizadas\Fotos_Renomadas\DS006_cars_mack_com_carreta\DS006_cars_mack_com_carreta_01.jpg
PRODUTO,DS007,Pantufa vaquinha infantil,F8063A77-81E0-451A-A56B-EE1BB6831EC8,1-Foto-1.jpg,C:\Users\User\duda\Fotos_Organizadas\Fotos_Renomadas\DS007_pantufa_vaquinha_infantil,C:\Users\User\duda\Fotos_Organizadas\Fotos_Renomadas\DS007_pantufa_vaquinha_infantil\DS007_pantufa_vaquinha_infantil_01.jpg
PRODUTO,DS007,Pantufa vaquinha infantil,F8063A77-81E0-451A-A56B-EE1BB6831EC8,2-Foto-2.jpg,C:\Users\User\duda\Fotos_Organizadas\Fotos_Renomadas\DS007_pantufa_vaquinha_infantil,C:\Users\User\duda\Fotos_Organizadas\Fotos_Renomadas\DS007_pantufa_vaquinha_infantil\DS007_pantufa_vaquinha_infantil_02.jpg
PRODUTO,DS008,Pista dinossauro track toys,F6D428CD-DB99-40E4-9CB5-4AB9B5758254,1-Foto-1.jpg,C:\Users\User\duda\Fotos_Organizadas\Fotos_Renomadas\DS008_pista_dinossauro_track_toys,C:\Users\User\duda\Fotos_Organizadas\Fotos_Renomadas\DS008_pista_dinossauro_track_toys\DS008_pista_dinossauro_track_toys_01.jpg
PRODUTO,DS009,Boneco de pelucia,2F3FDD51-D06F-4571-B1D9-80AB1F06D6BC,1-Foto-1.jpg,C:\Users\User\duda\Fotos_Organizadas\Fotos_Renomadas\DS009_boneco_de_pelucia,C:\Users\User\duda\Fotos_Organizadas\Fotos_Renomadas\DS009_boneco_de_pelucia\DS009_boneco_de_pelucia_01.jpg
PRODUTO,DS010,Chaleira eletrica Onistek,2FAD1820-C823-4CA5-AAE4-2B6DBF4E2E1C,1-Foto-1.jpg,C:\Users\User\duda\Fotos_Organizadas\Fotos_Renomadas\DS010_chaleira_eletrica_onistek,C:\Users\User\duda\Fotos_Organizadas\Fotos_Renomadas\DS010_chaleira_eletrica_onistek\DS010_chaleira_eletrica_onistek_01.jpg
PRODUTO,DS010,Chaleira eletrica Onistek,2FAD1820-C823-4CA5-AAE4-2B6DBF4E2E1C,2-Foto-2.jpg,C:\Users\User\duda\Fotos_Organizadas\Fotos_Renomadas\DS010_chaleira_eletrica_onistek,C:\Users\User\duda\Fotos_Organizadas\Fotos_Renomadas\DS010_chaleira_eletrica_onistek\DS010_chaleira_eletrica_onistek_02.jpg
PRODUTO,DS073,Massa de modelar Alcalex 6 cores 65g,A94AB88E-9A03-4D63-9724-593CCB0F6B27,1-Foto-1.jpg,C:\Users\User\duda\Fotos_Organizadas\Fotos_Renomadas\DS073_massa_de_modelar_alcalex_6_cores_65g,C:\Users\User\duda\Fotos_Organizadas\Fotos_Renomadas\DS073_massa_de_modelar_alcalex_6_cores_65g\DS073_massa_de_modelar_alcalex_6_cores_65g_01.jpg
PRODUTO,DS011,Jogo de panelas,F48EEC15-0198-4DD7-AFC2-AE51E26F1A12,1-Foto-1.jpg,C:\Users\User\duda\Fotos_Organizadas\Fotos_Renomadas\DS011_jogo_de_panelas,C:\Users\User\duda\Fotos_Organizadas\Fotos_Renomadas\DS011_jogo_de_panelas\DS011_jogo_de_panelas_01.jpg
PRODUTO,DS012,Jogo de xicaras de ceramica,B868B800-F3ED-47E6-A049-F3BBDD2CBD50,1-Foto-1.jpg,C:\Users\User\duda\Fotos_Organizadas\Fotos_Renomadas\DS012_jogo_de_xicaras_de_ceramica,C:\Users\User\duda\Fotos_Organizadas\Fotos_Renomadas\DS012_jogo_de_xicaras_de_ceramica\DS012_jogo_de_xicaras_de_ceramica_01.jpg
PRODUTO,DS012,Jogo de xicaras de ceramica,B868B800-F3ED-47E6-A049-F3BBDD2CBD50,2-Foto-2.jpg,C:\Users\User\duda\Fotos_Organizadas\Fotos_Renomadas\DS012_jogo_de_xicaras_de_ceramica,C:\Users\User\duda\Fotos_Organizadas\Fotos_Renomadas\DS012_jogo_de_xicaras_de_ceramica\DS012_jogo_de_xicaras_de_ceramica_02.jpg
PRODUTO,DS013,Relogio digital ES1155,28B03819-5767-476D-8CF2-13F19CD701C4,1-Foto-1.jpg,C:\Users\User\duda\Fotos_Organizadas\Fotos_Renomadas\DS013_relogio_digital_es1155,C:\Users\User\duda\Fotos_Organizadas\Fotos_Renomadas\DS013_relogio_digital_es1155\DS013_relogio_digital_es1155_01.jpg
PRODUTO,DS013,Relogio digital ES1155,28B03819-5767-476D-8CF2-13F19CD701C4,2-Foto-2.jpg,C:\Users\User\duda\Fotos_Organizadas\Fotos_Renomadas\DS013_relogio_digital_es1155,C:\Users\User\duda\Fotos_Organizadas\Fotos_Renomadas\DS013_relogio_digital_es1155\DS013_relogio_digital_es1155_02.jpg
PRODUTO,DS014,Cosmo Bubbles kit 12 pecas,992A66CA-ECA9-44FC-9E16-64BC26DBC7DD,1-Foto-1.jpg,C:\Users\User\duda\Fotos_Organizadas\Fotos_Renomadas\DS014_cosmo_bubbles_kit_12_pecas,C:\Users\User\duda\Fotos_Organizadas\Fotos_Renomadas\DS014_cosmo_bubbles_kit_12_pecas\DS014_cosmo_bubbles_kit_12_pecas_01.jpg
PRODUTO,DS015,Jogo de formoes MTX,C74D3946-9399-4C02-AB75-841BD5DACED8,1-Foto-1.jpg,C:\Users\User\duda\Fotos_Organizadas\Fotos_Renomadas\DS015_jogo_de_formoes_mtx,C:\Users\User\duda\Fotos_Organizadas\Fotos_Renomadas\DS015_jogo_de_formoes_mtx\DS015_jogo_de_formoes_mtx_01.jpg
PRODUTO,DS015,Jogo de formoes MTX,C74D3946-9399-4C02-AB75-841BD5DACED8,2-Foto-2.jpg,C:\Users\User\duda\Fotos_Organizadas\Fotos_Renomadas\DS015_jogo_de_formoes_mtx,C:\Users\User\duda\Fotos_Organizadas\Fotos_Renomadas\DS015_jogo_de_formoes_mtx\DS015_jogo_de_formoes_mtx_02.jpg
PRODUTO,DS016,Kit chaves de precisao Yaxun YX370,D1F86499-57F2-4B9A-8D14-62F8652A878B,1-Foto-1.jpg,C:\Users\User\duda\Fotos_Organizadas\Fotos_Renomadas\DS016_kit_chaves_de_precisao_yaxun_yx370,C:\Users\User\duda\Fotos_Organizadas\Fotos_Renomadas\DS016_kit_chaves_de_precisao_yaxun_yx370\DS016_kit_chaves_de_precisao_yaxun_yx370_01.jpg
PRODUTO,DS016,Kit chaves de precisao Yaxun YX370,D1F86499-57F2-4B9A-8D14-62F8652A878B,2-Foto-2.jpg,C:\Users\User\duda\Fotos_Organizadas\Fotos_Renomadas\DS016_kit_chaves_de_precisao_yaxun_yx370,C:\Users\User\duda\Fotos_Organizadas\Fotos_Renomadas\DS016_kit_chaves_de_precisao_yaxun_yx370\DS016_kit_chaves_de_precisao_yaxun_yx370_02.jpg
PRODUTO,DS016,Kit chaves de precisao Yaxun YX370,D1F86499-57F2-4B9A-8D14-62F8652A878B,3-Foto-3.jpg,C:\Users\User\duda\Fotos_Organizadas\Fotos_Renomadas\DS016_kit_chaves_de_precisao_yaxun_yx370,C:\Users\User\duda\Fotos_Organizadas\Fotos_Renomadas\DS016_kit_chaves_de_precisao_yaxun_yx370\DS016_kit_chaves_de_precisao_yaxun_yx370_03.jpg
PRODUTO,DS017,Capas iPhone 13 Pro,82827411-07A2-408E-ADE7-BD04A15F804F,1-Foto-1.jpg,C:\Users\User\duda\Fotos_Organizadas\Fotos_Renomadas\DS017_capas_iphone_13_pro,C:\Users\User\duda\Fotos_Organizadas\Fotos_Renomadas\DS017_capas_iphone_13_pro\DS017_capas_iphone_13_pro_01.jpg
PRODUTO,DS018,Patins inline roxo,879FB56E-CA3A-4814-B519-D8BA3BF8ECED,1-Foto-1.jpg,C:\Users\User\duda\Fotos_Organizadas\Fotos_Renomadas\DS018_patins_inline_roxo,C:\Users\User\duda\Fotos_Organizadas\Fotos_Renomadas\DS018_patins_inline_roxo\DS018_patins_inline_roxo_01.jpg
PRODUTO,DS018,Patins inline roxo,879FB56E-CA3A-4814-B519-D8BA3BF8ECED,2-Foto-2.jpg,C:\Users\User\duda\Fotos_Organizadas\Fotos_Renomadas\DS018_patins_inline_roxo,C:\Users\User\duda\Fotos_Organizadas\Fotos_Renomadas\DS018_patins_inline_roxo\DS018_patins_inline_roxo_02.jpg
PRODUTO,DS019,Capacho bem vindo,E8E32475-C4F4-4757-BB25-03DFD9E01E57,1-Foto-1.jpg,C:\Users\User\duda\Fotos_Organizadas\Fotos_Renomadas\DS019_capacho_bem_vindo,C:\Users\User\duda\Fotos_Organizadas\Fotos_Renomadas\DS019_capacho_bem_vindo\DS019_capacho_bem_vindo_01.jpg
PRODUTO,DS020,Tenis rosa 33Y,4306E893-3102-4F3B-A200-7B02AA77BBA0,1-Foto-1.jpg,C:\Users\User\duda\Fotos_Organizadas\Fotos_Renomadas\DS020_tenis_rosa_33y,C:\Users\User\duda\Fotos_Organizadas\Fotos_Renomadas\DS020_tenis_rosa_33y\DS020_tenis_rosa_33y_01.jpg
PRODUTO,DS021,Escova blower ILINK,04012255-FEE6-4E1E-B348-4EEAD516B0E3,1-Foto-1.jpg,C:\Users\User\duda\Fotos_Organizadas\Fotos_Renomadas\DS021_escova_blower_ilink,C:\Users\User\duda\Fotos_Organizadas\Fotos_Renomadas\DS021_escova_blower_ilink\DS021_escova_blower_ilink_01.jpg
PRODUTO,DS021,Escova blower ILINK,04012255-FEE6-4E1E-B348-4EEAD516B0E3,2-Foto-2.jpg,C:\Users\User\duda\Fotos_Organizadas\Fotos_Renomadas\DS021_escova_blower_ilink,C:\Users\User\duda\Fotos_Organizadas\Fotos_Renomadas\DS021_escova_blower_ilink\DS021_escova_blower_ilink_02.jpg
PRODUTO,DS022,Tenis branco 37 38,A773D84D-0C04-40EF-9D37-49FF3CEFA7F0,1-Foto-1.jpg,C:\Users\User\duda\Fotos_Organizadas\Fotos_Renomadas\DS022_tenis_branco_37_38,C:\Users\User\duda\Fotos_Organizadas\Fotos_Renomadas\DS022_tenis_branco_37_38\DS022_tenis_branco_37_38_01.jpg
PRODUTO,DS023,AdereFix kit 4 unidades,964BB06C-3986-4D5B-B2E6-03BEBB0E8F48,1-Foto-1.jpg,C:\Users\User\duda\Fotos_Organizadas\Fotos_Renomadas\DS023_aderefix_kit_4_unidades,C:\Users\User\duda\Fotos_Organizadas\Fotos_Renomadas\DS023_aderefix_kit_4_unidades\DS023_aderefix_kit_4_unidades_01.jpg
PRODUTO,DS024,Kit 6 carrinhos die cast,C76CA5CB-5CFD-4144-A2F6-8D769E1BDDE5,1-Foto-1.jpg,C:\Users\User\duda\Fotos_Organizadas\Fotos_Renomadas\DS024_kit_6_carrinhos_die_cast,C:\Users\User\duda\Fotos_Organizadas\Fotos_Renomadas\DS024_kit_6_carrinhos_die_cast\DS024_kit_6_carrinhos_die_cast_01.jpg
PRODUTO,DS024,Kit 6 carrinhos die cast,C76CA5CB-5CFD-4144-A2F6-8D769E1BDDE5,2-Foto-2.jpg,C:\Users\User\duda\Fotos_Organizadas\Fotos_Renomadas\DS024_kit_6_carrinhos_die_cast,C:\Users\User\duda\Fotos_Organizadas\Fotos_Renomadas\DS024_kit_6_carrinhos_die_cast\DS024_kit_6_carrinhos_die_cast_02.jpg
PRODUTO,DS025,Pijama infantil dinossauro 80 cm,FBB42352-96E6-4DE0-8377-689936CF9555,1-Foto-1.jpg,C:\Users\User\duda\Fotos_Organizadas\Fotos_Renomadas\DS025_pijama_infantil_dinossauro_80_cm,C:\Users\User\duda\Fotos_Organizadas\Fotos_Renomadas\DS025_pijama_infantil_dinossauro_80_cm\DS025_pijama_infantil_dinossauro_80_cm_01.jpg
PRODUTO,DS026,Motobomba de piscina WEG Sibrape,50CFE784-4F6B-4E36-874A-BD3365F6A885,1-Foto-1.jpg,C:\Users\User\duda\Fotos_Organizadas\Fotos_Renomadas\DS026_motobomba_de_piscina_weg_sibrape,C:\Users\User\duda\Fotos_Organizadas\Fotos_Renomadas\DS026_motobomba_de_piscina_weg_sibrape\DS026_motobomba_de_piscina_weg_sibrape_01.jpg
PRODUTO,DS026,Motobomba de piscina WEG Sibrape,50CFE784-4F6B-4E36-874A-BD3365F6A885,2-Foto-2.jpg,C:\Users\User\duda\Fotos_Organizadas\Fotos_Renomadas\DS026_motobomba_de_piscina_weg_sibrape,C:\Users\User\duda\Fotos_Organizadas\Fotos_Renomadas\DS026_motobomba_de_piscina_weg_sibrape\DS026_motobomba_de_piscina_weg_sibrape_02.jpg
PRODUTO,DS026,Motobomba de piscina WEG Sibrape,50CFE784-4F6B-4E36-874A-BD3365F6A885,3-Foto-3.jpg,C:\Users\User\duda\Fotos_Organizadas\Fotos_Renomadas\DS026_motobomba_de_piscina_weg_sibrape,C:\Users\User\duda\Fotos_Organizadas\Fotos_Renomadas\DS026_motobomba_de_piscina_weg_sibrape\DS026_motobomba_de_piscina_weg_sibrape_03.jpg
PRODUTO,DS027,Tabua de corte em madeira,0192A27A-A86D-4AC1-8A7D-EFAEF977E168,1-Foto-1.jpg,C:\Users\User\duda\Fotos_Organizadas\Fotos_Renomadas\DS027_tabua_de_corte_em_madeira,C:\Users\User\duda\Fotos_Organizadas\Fotos_Renomadas\DS027_tabua_de_corte_em_madeira\DS027_tabua_de_corte_em_madeira_01.jpg
PRODUTO,DS028,Banheira de bebe Adoleta 15L rosa,EE41C3D3-1ABC-4E81-9E93-093E3B8ACDCE,1-Foto-1.jpg,C:\Users\User\duda\Fotos_Organizadas\Fotos_Renomadas\DS028_banheira_de_bebe_adoleta_15l_rosa,C:\Users\User\duda\Fotos_Organizadas\Fotos_Renomadas\DS028_banheira_de_bebe_adoleta_15l_rosa\DS028_banheira_de_bebe_adoleta_15l_rosa_01.jpg
PRODUTO,DS028,Banheira de bebe Adoleta 15L rosa,EE41C3D3-1ABC-4E81-9E93-093E3B8ACDCE,2-Foto-2.jpg,C:\Users\User\duda\Fotos_Organizadas\Fotos_Renomadas\DS028_banheira_de_bebe_adoleta_15l_rosa,C:\Users\User\duda\Fotos_Organizadas\Fotos_Renomadas\DS028_banheira_de_bebe_adoleta_15l_rosa\DS028_banheira_de_bebe_adoleta_15l_rosa_02.jpg
PRODUTO,DS029,Babuche bege,14A0B1C7-8FF5-4E2C-899F-DEFDBBA93B18,1-Foto-1.jpg,C:\Users\User\duda\Fotos_Organizadas\Fotos_Renomadas\DS029_babuche_bege,C:\Users\User\duda\Fotos_Organizadas\Fotos_Renomadas\DS029_babuche_bege\DS029_babuche_bege_01.jpg
PRODUTO,DS029,Babuche bege,14A0B1C7-8FF5-4E2C-899F-DEFDBBA93B18,2-Foto-2.jpg,C:\Users\User\duda\Fotos_Organizadas\Fotos_Renomadas\DS029_babuche_bege,C:\Users\User\duda\Fotos_Organizadas\Fotos_Renomadas\DS029_babuche_bege\DS029_babuche_bege_02.jpg
PRODUTO,DS030,Garrafa de vidro 1L Mimo Style,79C0259B-EBFB-475B-B2C0-DF9011842FA1,1-Foto-1.jpg,C:\Users\User\duda\Fotos_Organizadas\Fotos_Renomadas\DS030_garrafa_de_vidro_1l_mimo_style,C:\Users\User\duda\Fotos_Organizadas\Fotos_Renomadas\DS030_garrafa_de_vidro_1l_mimo_style\DS030_garrafa_de_vidro_1l_mimo_style_01.jpg
PRODUTO,DS030,Garrafa de vidro 1L Mimo Style,79C0259B-EBFB-475B-B2C0-DF9011842FA1,2-Foto-2.jpg,C:\Users\User\duda\Fotos_Organizadas\Fotos_Renomadas\DS030_garrafa_de_vidro_1l_mimo_style,C:\Users\User\duda\Fotos_Organizadas\Fotos_Renomadas\DS030_garrafa_de_vidro_1l_mimo_style\DS030_garrafa_de_vidro_1l_mimo_style_02.jpg
PRODUTO,DS031,Caixas organizadoras kit 12,D932D1A9-5A07-4DC5-A355-99EC33E9D7E2,1-Foto-1.jpg,C:\Users\User\duda\Fotos_Organizadas\Fotos_Renomadas\DS031_caixas_organizadoras_kit_12,C:\Users\User\duda\Fotos_Organizadas\Fotos_Renomadas\DS031_caixas_organizadoras_kit_12\DS031_caixas_organizadoras_kit_12_01.jpg
PRODUTO,DS031,Caixas organizadoras kit 12,D932D1A9-5A07-4DC5-A355-99EC33E9D7E2,2-Foto-2.jpg,C:\Users\User\duda\Fotos_Organizadas\Fotos_Renomadas\DS031_caixas_organizadoras_kit_12,C:\Users\User\duda\Fotos_Organizadas\Fotos_Renomadas\DS031_caixas_organizadoras_kit_12\DS031_caixas_organizadoras_kit_12_02.jpg
PRODUTO,DS032,Extensao eletrica 15 m,CB2E9E1F-B32E-449F-BB0E-8B11E59554E2,1-Foto-1.jpg,C:\Users\User\duda\Fotos_Organizadas\Fotos_Renomadas\DS032_extensao_eletrica_15_m,C:\Users\User\duda\Fotos_Organizadas\Fotos_Renomadas\DS032_extensao_eletrica_15_m\DS032_extensao_eletrica_15_m_01.jpg
PRODUTO,DS032,Extensao eletrica 15 m,CB2E9E1F-B32E-449F-BB0E-8B11E59554E2,2-Foto-2.jpg,C:\Users\User\duda\Fotos_Organizadas\Fotos_Renomadas\DS032_extensao_eletrica_15_m,C:\Users\User\duda\Fotos_Organizadas\Fotos_Renomadas\DS032_extensao_eletrica_15_m\DS032_extensao_eletrica_15_m_02.jpg
PRODUTO,DS033,Suporte articulado para TV,79ED91FE-5816-4D9A-AA97-6792FBC4B550,1-Foto-1.jpg,C:\Users\User\duda\Fotos_Organizadas\Fotos_Renomadas\DS033_suporte_articulado_para_tv,C:\Users\User\duda\Fotos_Organizadas\Fotos_Renomadas\DS033_suporte_articulado_para_tv\DS033_suporte_articulado_para_tv_01.jpg
PRODUTO,DS033,Suporte articulado para TV,A5522A6E-CFB4-4CC1-981E-D46B7251C3F8,1-Foto-1.jpg,C:\Users\User\duda\Fotos_Organizadas\Fotos_Renomadas\DS033_suporte_articulado_para_tv,C:\Users\User\duda\Fotos_Organizadas\Fotos_Renomadas\DS033_suporte_articulado_para_tv\DS033_suporte_articulado_para_tv_02.jpg
PRODUTO,DS034,Calisul tira manchas,229D94F8-B8B9-4D8B-A081-747A3E4DC706,1-Foto-1.jpg,C:\Users\User\duda\Fotos_Organizadas\Fotos_Renomadas\DS034_calisul_tira_manchas,C:\Users\User\duda\Fotos_Organizadas\Fotos_Renomadas\DS034_calisul_tira_manchas\DS034_calisul_tira_manchas_01.jpg
PRODUTO,DS035,Kit balsamo labial 4 unidades,229D94F8-B8B9-4D8B-A081-747A3E4DC706,2-Foto-2.jpg,C:\Users\User\duda\Fotos_Organizadas\Fotos_Renomadas\DS035_kit_balsamo_labial_4_unidades,C:\Users\User\duda\Fotos_Organizadas\Fotos_Renomadas\DS035_kit_balsamo_labial_4_unidades\DS035_kit_balsamo_labial_4_unidades_01.jpg
PRODUTO,DS036,Concreto endurecedor com formol,229D94F8-B8B9-4D8B-A081-747A3E4DC706,3-Foto-3.jpg,C:\Users\User\duda\Fotos_Organizadas\Fotos_Renomadas\DS036_concreto_endurecedor_com_formol,C:\Users\User\duda\Fotos_Organizadas\Fotos_Renomadas\DS036_concreto_endurecedor_com_formol\DS036_concreto_endurecedor_com_formol_01.jpg
PRODUTO,DS037,Creme facial retinol colageno HA,EC20E29C-E7F5-4057-A1E6-C4235FDCA0E4,1-Foto-1.jpg,C:\Users\User\duda\Fotos_Organizadas\Fotos_Renomadas\DS037_creme_facial_retinol_colageno_ha,C:\Users\User\duda\Fotos_Organizadas\Fotos_Renomadas\DS037_creme_facial_retinol_colageno_ha\DS037_creme_facial_retinol_colageno_ha_01.jpg
PRODUTO,DS038,Removedor de ferrugem Wurth 250 ml,EC20E29C-E7F5-4057-A1E6-C4235FDCA0E4,2-Foto-2.jpg,C:\Users\User\duda\Fotos_Organizadas\Fotos_Renomadas\DS038_removedor_de_ferrugem_wurth_250_ml,C:\Users\User\duda\Fotos_Organizadas\Fotos_Renomadas\DS038_removedor_de_ferrugem_wurth_250_ml\DS038_removedor_de_ferrugem_wurth_250_ml_01.jpg
PRODUTO,DS039,Dimethylx 60 capsulas,EC20E29C-E7F5-4057-A1E6-C4235FDCA0E4,3-Foto-3.jpg,C:\Users\User\duda\Fotos_Organizadas\Fotos_Renomadas\DS039_dimethylx_60_capsulas,C:\Users\User\duda\Fotos_Organizadas\Fotos_Renomadas\DS039_dimethylx_60_capsulas\DS039_dimethylx_60_capsulas_01.jpg
PRODUTO,DS040,Mascara capilar Arvensis Cachos Naturais,EC20E29C-E7F5-4057-A1E6-C4235FDCA0E4,4-Foto-4.jpg,C:\Users\User\duda\Fotos_Organizadas\Fotos_Renomadas\DS040_mascara_capilar_arvensis_cachos_naturais,C:\Users\User\duda\Fotos_Organizadas\Fotos_Renomadas\DS040_mascara_capilar_arvensis_cachos_naturais\DS040_mascara_capilar_arvensis_cachos_naturais_01.jpg
PRODUTO,DS041,Colageno hidrolisado Covitta Beauty,EC20E29C-E7F5-4057-A1E6-C4235FDCA0E4,5-Foto-5.jpg,C:\Users\User\duda\Fotos_Organizadas\Fotos_Renomadas\DS041_colageno_hidrolisado_covitta_beauty,C:\Users\User\duda\Fotos_Organizadas\Fotos_Renomadas\DS041_colageno_hidrolisado_covitta_beauty\DS041_colageno_hidrolisado_covitta_beauty_01.jpg
PRODUTO,DS042,Friskies saches filhotes carne 15 un,3B5D5471-04C4-48AE-82C2-83BBE14F28F9,1-Foto-1.jpg,C:\Users\User\duda\Fotos_Organizadas\Fotos_Renomadas\DS042_friskies_saches_filhotes_carne_15_un,C:\Users\User\duda\Fotos_Organizadas\Fotos_Renomadas\DS042_friskies_saches_filhotes_carne_15_un\DS042_friskies_saches_filhotes_carne_15_un_01.jpg
PRODUTO,DS043,Cafe com Deus Pai,3B5D5471-04C4-48AE-82C2-83BBE14F28F9,2-Foto-2.jpg,C:\Users\User\duda\Fotos_Organizadas\Fotos_Renomadas\DS043_cafe_com_deus_pai,C:\Users\User\duda\Fotos_Organizadas\Fotos_Renomadas\DS043_cafe_com_deus_pai\DS043_cafe_com_deus_pai_01.jpg
PRODUTO,DS044,O Caibalion,3B5D5471-04C4-48AE-82C2-83BBE14F28F9,3-Foto-3.jpg,C:\Users\User\duda\Fotos_Organizadas\Fotos_Renomadas\DS044_o_caibalion,C:\Users\User\duda\Fotos_Organizadas\Fotos_Renomadas\DS044_o_caibalion\DS044_o_caibalion_01.jpg
PRODUTO,DS045,Jogo de cama solteiro 4 pecas,7705B4D5-5F7D-4E70-816B-D5AF78B09063,1-Foto-1.jpg,C:\Users\User\duda\Fotos_Organizadas\Fotos_Renomadas\DS045_jogo_de_cama_solteiro_4_pecas,C:\Users\User\duda\Fotos_Organizadas\Fotos_Renomadas\DS045_jogo_de_cama_solteiro_4_pecas\DS045_jogo_de_cama_solteiro_4_pecas_01.jpg
PRODUTO,DS045,Jogo de cama solteiro 4 pecas,7705B4D5-5F7D-4E70-816B-D5AF78B09063,4-Foto-4.jpg,C:\Users\User\duda\Fotos_Organizadas\Fotos_Renomadas\DS045_jogo_de_cama_solteiro_4_pecas,C:\Users\User\duda\Fotos_Organizadas\Fotos_Renomadas\DS045_jogo_de_cama_solteiro_4_pecas\DS045_jogo_de_cama_solteiro_4_pecas_02.jpg
PRODUTO,DS046,Par de palhetas 22 26,7705B4D5-5F7D-4E70-816B-D5AF78B09063,2-Foto-2.jpg,C:\Users\User\duda\Fotos_Organizadas\Fotos_Renomadas\DS046_par_de_palhetas_22_26,C:\Users\User\duda\Fotos_Organizadas\Fotos_Renomadas\DS046_par_de_palhetas_22_26\DS046_par_de_palhetas_22_26_01.jpg
PRODUTO,DS046,Par de palhetas 22 26,7705B4D5-5F7D-4E70-816B-D5AF78B09063,3-Foto-3.jpg,C:\Users\User\duda\Fotos_Organizadas\Fotos_Renomadas\DS046_par_de_palhetas_22_26,C:\Users\User\duda\Fotos_Organizadas\Fotos_Renomadas\DS046_par_de_palhetas_22_26\DS046_par_de_palhetas_22_26_02.jpg
PRODUTO,DS047,Refil mop chenille pack 5,28259B7A-F993-4C0F-81FA-9E8E07C7D6EF,1-Foto-1.jpg,C:\Users\User\duda\Fotos_Organizadas\Fotos_Renomadas\DS047_refil_mop_chenille_pack_5,C:\Users\User\duda\Fotos_Organizadas\Fotos_Renomadas\DS047_refil_mop_chenille_pack_5\DS047_refil_mop_chenille_pack_5_01.jpg
PRODUTO,DS047,Refil mop chenille pack 5,28259B7A-F993-4C0F-81FA-9E8E07C7D6EF,2-Foto-2.jpg,C:\Users\User\duda\Fotos_Organizadas\Fotos_Renomadas\DS047_refil_mop_chenille_pack_5,C:\Users\User\duda\Fotos_Organizadas\Fotos_Renomadas\DS047_refil_mop_chenille_pack_5\DS047_refil_mop_chenille_pack_5_02.jpg
PRODUTO,DS048,Tenis Dostin Hike preto,C2A0C9BB-73D9-4146-85C4-1C16853878CA,1-Foto-1.jpg,C:\Users\User\duda\Fotos_Organizadas\Fotos_Renomadas\DS048_tenis_dostin_hike_preto,C:\Users\User\duda\Fotos_Organizadas\Fotos_Renomadas\DS048_tenis_dostin_hike_preto\DS048_tenis_dostin_hike_preto_01.jpg
PRODUTO,DS049,Arame farpado aco zincado 50 kgf,C2A0C9BB-73D9-4146-85C4-1C16853878CA,2-Foto-2.jpg,C:\Users\User\duda\Fotos_Organizadas\Fotos_Renomadas\DS049_arame_farpado_aco_zincado_50_kgf,C:\Users\User\duda\Fotos_Organizadas\Fotos_Renomadas\DS049_arame_farpado_aco_zincado_50_kgf\DS049_arame_farpado_aco_zincado_50_kgf_01.jpg
PRODUTO,DS050,Macaco hidraulico 2T jacare,C2A0C9BB-73D9-4146-85C4-1C16853878CA,3-Foto-3.jpg,C:\Users\User\duda\Fotos_Organizadas\Fotos_Renomadas\DS050_macaco_hidraulico_2t_jacare,C:\Users\User\duda\Fotos_Organizadas\Fotos_Renomadas\DS050_macaco_hidraulico_2t_jacare\DS050_macaco_hidraulico_2t_jacare_01.jpg
PRODUTO,DS051,Pote para leite em po Buba,144B3181-E72B-4612-9C48-220C666E69D6,1-Foto-1.jpg,C:\Users\User\duda\Fotos_Organizadas\Fotos_Renomadas\DS051_pote_para_leite_em_po_buba,C:\Users\User\duda\Fotos_Organizadas\Fotos_Renomadas\DS051_pote_para_leite_em_po_buba\DS051_pote_para_leite_em_po_buba_01.jpg
PRODUTO,DS051,Pote para leite em po Buba,144B3181-E72B-4612-9C48-220C666E69D6,2-Foto-2.jpg,C:\Users\User\duda\Fotos_Organizadas\Fotos_Renomadas\DS051_pote_para_leite_em_po_buba,C:\Users\User\duda\Fotos_Organizadas\Fotos_Renomadas\DS051_pote_para_leite_em_po_buba\DS051_pote_para_leite_em_po_buba_02.jpg
PRODUTO,DS052,Meia calca infantil 120D,05A5D97B-E740-4947-9FCF-8B65A43A9E91,1-Foto-1.jpg,C:\Users\User\duda\Fotos_Organizadas\Fotos_Renomadas\DS052_meia_calca_infantil_120d,C:\Users\User\duda\Fotos_Organizadas\Fotos_Renomadas\DS052_meia_calca_infantil_120d\DS052_meia_calca_infantil_120d_01.jpg
PRODUTO,DS052,Meia calca infantil 120D,05A5D97B-E740-4947-9FCF-8B65A43A9E91,2-Foto-2.jpg,C:\Users\User\duda\Fotos_Organizadas\Fotos_Renomadas\DS052_meia_calca_infantil_120d,C:\Users\User\duda\Fotos_Organizadas\Fotos_Renomadas\DS052_meia_calca_infantil_120d\DS052_meia_calca_infantil_120d_02.jpg
PRODUTO,DS053,Massa de modelar DAS,F5C14013-BCED-4055-962F-535F106A959E,1-Foto-1.jpg,C:\Users\User\duda\Fotos_Organizadas\Fotos_Renomadas\DS053_massa_de_modelar_das,C:\Users\User\duda\Fotos_Organizadas\Fotos_Renomadas\DS053_massa_de_modelar_das\DS053_massa_de_modelar_das_01.jpg
PRODUTO,DS054,Unhas postiças press on,F5C14013-BCED-4055-962F-535F106A959E,2-Foto-2.jpg,C:\Users\User\duda\Fotos_Organizadas\Fotos_Renomadas\DS054_unhas_posticas_press_on,C:\Users\User\duda\Fotos_Organizadas\Fotos_Renomadas\DS054_unhas_posticas_press_on\DS054_unhas_posticas_press_on_01.jpg
PRODUTO,DS055,Verniz acrilico Acrilex,F5C14013-BCED-4055-962F-535F106A959E,3-Foto-3.jpg,C:\Users\User\duda\Fotos_Organizadas\Fotos_Renomadas\DS055_verniz_acrilico_acrilex,C:\Users\User\duda\Fotos_Organizadas\Fotos_Renomadas\DS055_verniz_acrilico_acrilex\DS055_verniz_acrilico_acrilex_01.jpg
PRODUTO,DS056,Giotto 12 potes,92E8A5BD-F91E-46AC-87C1-52D7DCD1CDC9,1-Foto-1.jpg,C:\Users\User\duda\Fotos_Organizadas\Fotos_Renomadas\DS056_giotto_12_potes,C:\Users\User\duda\Fotos_Organizadas\Fotos_Renomadas\DS056_giotto_12_potes\DS056_giotto_12_potes_01.jpg
PRODUTO,DS057,Canetas line color pen 6 cores,92E8A5BD-F91E-46AC-87C1-52D7DCD1CDC9,2-Foto-2.jpg,C:\Users\User\duda\Fotos_Organizadas\Fotos_Renomadas\DS057_canetas_line_color_pen_6_cores,C:\Users\User\duda\Fotos_Organizadas\Fotos_Renomadas\DS057_canetas_line_color_pen_6_cores\DS057_canetas_line_color_pen_6_cores_01.jpg
PRODUTO,DS058,Cilios clusters DIY,92E8A5BD-F91E-46AC-87C1-52D7DCD1CDC9,3-Foto-3.jpg,C:\Users\User\duda\Fotos_Organizadas\Fotos_Renomadas\DS058_cilios_clusters_diy,C:\Users\User\duda\Fotos_Organizadas\Fotos_Renomadas\DS058_cilios_clusters_diy\DS058_cilios_clusters_diy_01.jpg
PRODUTO,DS059,Cadeira escritorio preta,06F569DB-B475-45E8-902D-03282AE48B5A,1-Foto-1.jpg,C:\Users\User\duda\Fotos_Organizadas\Fotos_Renomadas\DS059_cadeira_escritorio_preta,C:\Users\User\duda\Fotos_Organizadas\Fotos_Renomadas\DS059_cadeira_escritorio_preta\DS059_cadeira_escritorio_preta_01.jpg
PRODUTO,DS060,Vestido infantil branco festa luxo,713A6AE1-54E4-40C3-85C0-3880E8B7BA13,1-Foto-1.jpg,C:\Users\User\duda\Fotos_Organizadas\Fotos_Renomadas\DS060_vestido_infantil_branco_festa_luxo,C:\Users\User\duda\Fotos_Organizadas\Fotos_Renomadas\DS060_vestido_infantil_branco_festa_luxo\DS060_vestido_infantil_branco_festa_luxo_01.jpg
PRODUTO,DS060,Vestido infantil branco festa luxo,713A6AE1-54E4-40C3-85C0-3880E8B7BA13,2-Foto-2.jpg,C:\Users\User\duda\Fotos_Organizadas\Fotos_Renomadas\DS060_vestido_infantil_branco_festa_luxo,C:\Users\User\duda\Fotos_Organizadas\Fotos_Renomadas\DS060_vestido_infantil_branco_festa_luxo\DS060_vestido_infantil_branco_festa_luxo_02.jpg
PRODUTO,DS061,Toalha infantil grande rosa,3029DDA9-AD4B-4620-9100-867F62A53C0E,1-Foto-1.jpg,C:\Users\User\duda\Fotos_Organizadas\Fotos_Renomadas\DS061_toalha_infantil_grande_rosa,C:\Users\User\duda\Fotos_Organizadas\Fotos_Renomadas\DS061_toalha_infantil_grande_rosa\DS061_toalha_infantil_grande_rosa_01.jpg
PRODUTO,DS062,Porta retrato kit com 3,BBF034BA-7197-4AA4-9107-070B18EEB1A4,1-Foto-1.jpg,C:\Users\User\duda\Fotos_Organizadas\Fotos_Renomadas\DS062_porta_retrato_kit_com_3,C:\Users\User\duda\Fotos_Organizadas\Fotos_Renomadas\DS062_porta_retrato_kit_com_3\DS062_porta_retrato_kit_com_3_01.jpg
PRODUTO,DS063,Kit 2 desodorantes cristal,30B59BE6-0125-4A19-876D-01E099DB1C7A,2-Foto-2.jpg,C:\Users\User\duda\Fotos_Organizadas\Fotos_Renomadas\DS063_kit_2_desodorantes_cristal,C:\Users\User\duda\Fotos_Organizadas\Fotos_Renomadas\DS063_kit_2_desodorantes_cristal\DS063_kit_2_desodorantes_cristal_01.jpg
PRODUTO,DS064,Manta para sofa,1162E99C-5D35-4708-9A72-1BB28DF201D2,1-Foto-1.jpg,C:\Users\User\duda\Fotos_Organizadas\Fotos_Renomadas\DS064_manta_para_sofa,C:\Users\User\duda\Fotos_Organizadas\Fotos_Renomadas\DS064_manta_para_sofa\DS064_manta_para_sofa_01.jpg
PRODUTO,DS065,Cilindros MDF cru trio,F83F90F8-A7BF-40EB-938D-1A81826B4891,1-Foto-1.jpg,C:\Users\User\duda\Fotos_Organizadas\Fotos_Renomadas\DS065_cilindros_mdf_cru_trio,C:\Users\User\duda\Fotos_Organizadas\Fotos_Renomadas\DS065_cilindros_mdf_cru_trio\DS065_cilindros_mdf_cru_trio_01.jpg
PRODUTO,DS066,Buque arranjo de flores secas,8679C00E-B686-467B-9FEE-8E40AC129C24,1-Foto-1.jpg,C:\Users\User\duda\Fotos_Organizadas\Fotos_Renomadas\DS066_buque_arranjo_de_flores_secas,C:\Users\User\duda\Fotos_Organizadas\Fotos_Renomadas\DS066_buque_arranjo_de_flores_secas\DS066_buque_arranjo_de_flores_secas_01.jpg
PRODUTO,DS067,Igora Royal louro claro,30B59BE6-0125-4A19-876D-01E099DB1C7A,1-Foto-1.jpg,C:\Users\User\duda\Fotos_Organizadas\Fotos_Renomadas\DS067_igora_royal_louro_claro,C:\Users\User\duda\Fotos_Organizadas\Fotos_Renomadas\DS067_igora_royal_louro_claro\DS067_igora_royal_louro_claro_01.jpg
PRODUTO,DS067,Igora Royal louro claro,34D54AA1-157E-4870-924E-A8446B862F6D,1-Foto-1.jpg,C:\Users\User\duda\Fotos_Organizadas\Fotos_Renomadas\DS067_igora_royal_louro_claro,C:\Users\User\duda\Fotos_Organizadas\Fotos_Renomadas\DS067_igora_royal_louro_claro\DS067_igora_royal_louro_claro_02.jpg
PRODUTO,DS068,Necessaire feminina preta,03697557-F7AB-4E87-B868-62C198847058,1-Foto-1.jpg,C:\Users\User\duda\Fotos_Organizadas\Fotos_Renomadas\DS068_necessaire_feminina_preta,C:\Users\User\duda\Fotos_Organizadas\Fotos_Renomadas\DS068_necessaire_feminina_preta\DS068_necessaire_feminina_preta_01.jpg
PRODUTO,DS068,Necessaire feminina preta,03697557-F7AB-4E87-B868-62C198847058,2-Foto-2.jpg,C:\Users\User\duda\Fotos_Organizadas\Fotos_Renomadas\DS068_necessaire_feminina_preta,C:\Users\User\duda\Fotos_Organizadas\Fotos_Renomadas\DS068_necessaire_feminina_preta\DS068_necessaire_feminina_preta_02.jpg
PRODUTO,DS069,Toalha infantil grande verde,B7CDE578-9F71-4E02-8B24-FB40391B4C71,1-Foto-1.jpg,C:\Users\User\duda\Fotos_Organizadas\Fotos_Renomadas\DS069_toalha_infantil_grande_verde,C:\Users\User\duda\Fotos_Organizadas\Fotos_Renomadas\DS069_toalha_infantil_grande_verde\DS069_toalha_infantil_grande_verde_01.jpg
PRODUTO,DS070,Luz LED por do sol USB,A1D275E4-1CC1-4E3D-A221-7C5C33745125,1-Foto-1.jpg,C:\Users\User\duda\Fotos_Organizadas\Fotos_Renomadas\DS070_luz_led_por_do_sol_usb,C:\Users\User\duda\Fotos_Organizadas\Fotos_Renomadas\DS070_luz_led_por_do_sol_usb\DS070_luz_led_por_do_sol_usb_01.jpg
PRODUTO,DS071,Fone de ouvido Bluetooth,1CCFC3CC-783D-4FEA-98ED-4FFB605EAFE9,1-Foto-1.jpg,C:\Users\User\duda\Fotos_Organizadas\Fotos_Renomadas\DS071_fone_de_ouvido_bluetooth,C:\Users\User\duda\Fotos_Organizadas\Fotos_Renomadas\DS071_fone_de_ouvido_bluetooth\DS071_fone_de_ouvido_bluetooth_01.jpg
PRODUTO,DS072,Refil mop giratorio pack 5,0D8D9241-04D9-4E21-AD7F-499D6F0AC409,1-Foto-1.jpg,C:\Users\User\duda\Fotos_Organizadas\Fotos_Renomadas\DS072_refil_mop_giratorio_pack_5,C:\Users\User\duda\Fotos_Organizadas\Fotos_Renomadas\DS072_refil_mop_giratorio_pack_5\DS072_refil_mop_giratorio_pack_5_01.jpg
REFERENCIA,REF,Dashboard ref 53A0A28C,53A0A28C-191E-487C-8211-A182D97C718B,1-Foto-1.jpg,C:\Users\User\duda\Fotos_Organizadas\Fotos_Renomadas\_referencias_dashboard\ref_01_53a0a28c,C:\Users\User\duda\Fotos_Organizadas\Fotos_Renomadas\_referencias_dashboard\ref_01_53a0a28c\dashboard_ref_01_01.jpg
REFERENCIA,REF,Dashboard ref 76B4C798,76B4C798-D488-4E59-A81B-6FAD5E0A4ACC,1-Foto-1.jpg,C:\Users\User\duda\Fotos_Organizadas\Fotos_Renomadas\_referencias_dashboard\ref_02_76b4c798,C:\Users\User\duda\Fotos_Organizadas\Fotos_Renomadas\_referencias_dashboard\ref_02_76b4c798\dashboard_ref_02_01.jpg
REFERENCIA,REF,Dashboard ref 7FC333C1,7FC333C1-CC63-4C92-9277-C596D8AF8CB7,1-Foto-1.jpg,C:\Users\User\duda\Fotos_Organizadas\Fotos_Renomadas\_referencias_dashboard\ref_03_7fc333c1,C:\Users\User\duda\Fotos_Organizadas\Fotos_Renomadas\_referencias_dashboard\ref_03_7fc333c1\dashboard_ref_03_01.jpg
REFERENCIA,REF,Dashboard ref B8007D07,B8007D07-0209-4268-A467-225A51B8B650,1-Foto-1.jpg,C:\Users\User\duda\Fotos_Organizadas\Fotos_Renomadas\_referencias_dashboard\ref_04_b8007d07,C:\Users\User\duda\Fotos_Organizadas\Fotos_Renomadas\_referencias_dashboard\ref_04_b8007d07\dashboard_ref_04_01.jpg
REFERENCIA,REF,Dashboard ref DB7E376C,DB7E376C-B55D-4DE5-9783-0505D89BE4A0,1-Foto-1.jpg,C:\Users\User\duda\Fotos_Organizadas\Fotos_Renomadas\_referencias_dashboard\ref_05_db7e376c,C:\Users\User\duda\Fotos_Organizadas\Fotos_Renomadas\_referencias_dashboard\ref_05_db7e376c\dashboard_ref_05_01.jpg
